<?xml version="1.0" encoding="UTF-8"?>
<project-private xmlns="http://www.netbeans.org/ns/project-private/1">
    <editor-bookmarks xmlns="http://www.netbeans.org/ns/editor-bookmarks/2" lastBookmarkId="0"/>
    <open-files xmlns="http://www.netbeans.org/ns/projectui-open-files/2">
        <group>
            <file>file:/home/xtrem/NetBeansProjects/RestaurantCity/src/datos/ListaBebestibles.java</file>
            <file>file:/home/xtrem/NetBeansProjects/RestaurantCity/src/datos/Cajero.java</file>
            <file>file:/home/xtrem/NetBeansProjects/RestaurantCity/src/datos/ListaIngredientes.java</file>
            <file>file:/home/xtrem/NetBeansProjects/RestaurantCity/src/datos/Inventario.java</file>
            <file>file:/home/xtrem/NetBeansProjects/RestaurantCity/src/datos/Venta.java</file>
            <file>file:/home/xtrem/NetBeansProjects/RestaurantCity/src/datos/ListaAlimentos.java</file>
            <file>file:/home/xtrem/NetBeansProjects/RestaurantCity/src/datos/Mesa.java</file>
            <file>file:/home/xtrem/NetBeansProjects/RestaurantCity/src/datos/Producto.java</file>
            <file>file:/home/xtrem/NetBeansProjects/RestaurantCity/src/datos/ListaVentas.java</file>
            <file>file:/home/xtrem/NetBeansProjects/RestaurantCity/src/datos/ListaMesas.java</file>
        </group>
    </open-files>
</project-private>
